hours_studied,sleep_hours,attendance_pct,previous_score,extracurricular_hours,final_score
7.7,5.5,93.0,51.0,2.5,64.0
4.4,6.4,62.0,88.0,3.6,58.0
8.6,7.3,88.0,46.0,5.6,66.0
7.0,8.8,64.0,40.0,2.8,63.0
0.9,5.4,67.0,56.0,1.2,44.0
9.8,8.6,87.0,78.0,2.3,80.0
7.6,4.1,99.0,83.0,2.4,70.0
7.9,6.8,83.0,95.0,0.8,79.0
1.3,7.2,57.0,53.0,1.0,40.0
4.5,4.5,83.0,59.0,4.1,52.0
3.7,4.7,57.0,43.0,2.0,46.0
9.3,6.1,95.0,69.0,5.7,77.0
6.4,8.8,87.0,95.0,1.5,87.0
8.2,7.0,63.0,77.0,0.6,70.0
4.4,8.7,59.0,71.0,4.5,63.0
2.3,8.0,63.0,59.0,5.3,49.0
5.5,6.3,99.0,90.0,1.7,73.0
0.6,7.9,76.0,65.0,1.2,53.0
8.3,4.1,90.0,43.0,1.1,63.0
6.3,4.5,84.0,57.0,3.1,60.0
7.6,8.1,81.0,39.0,2.8,60.0
3.5,8.0,62.0,47.0,1.6,46.0
9.7,5.2,98.0,36.0,0.3,63.0
8.9,6.7,69.0,62.0,2.9,70.0
7.8,7.0,81.0,73.0,5.8,68.0
1.9,8.3,86.0,56.0,3.9,50.0
4.7,7.0,84.0,60.0,3.0,59.0
0.4,6.1,97.0,93.0,0.7,64.0
1.5,5.9,62.0,80.0,1.5,54.0
6.8,6.1,78.0,67.0,1.8,64.0
7.4,7.3,73.0,52.0,4.6,65.0
9.7,8.3,76.0,89.0,5.3,84.0
3.3,6.3,60.0,49.0,5.4,47.0
3.7,5.2,61.0,55.0,5.9,50.0
4.7,5.2,68.0,90.0,5.9,65.0
1.9,7.7,69.0,67.0,5.7,54.0
1.3,8.1,74.0,80.0,0.4,60.0
4.8,4.5,82.0,70.0,0.8,63.0
2.3,4.3,84.0,74.0,1.8,57.0
6.7,7.0,74.0,53.0,3.3,57.0
4.4,4.7,73.0,49.0,0.6,55.0
8.3,8.1,65.0,54.0,5.1,59.0
7.0,5.6,81.0,44.0,3.7,55.0
3.1,4.7,69.0,87.0,3.3,62.0
8.3,8.6,57.0,52.0,1.0,68.0
8.0,4.8,74.0,69.0,1.5,72.0
3.9,5.4,76.0,83.0,1.0,62.0
2.9,4.8,65.0,82.0,5.1,50.0
6.8,4.6,81.0,61.0,3.5,61.0
1.4,4.1,80.0,64.0,4.4,47.0
2.0,4.3,87.0,95.0,1.8,61.0
0.1,4.9,84.0,75.0,2.2,54.0
7.9,4.3,84.0,84.0,2.4,71.0
6.6,7.0,69.0,89.0,4.6,70.0
7.1,7.4,90.0,82.0,4.6,69.0
7.8,6.0,80.0,46.0,1.2,64.0
4.6,5.6,74.0,69.0,5.6,56.0
5.7,6.5,83.0,41.0,0.7,55.0
1.4,8.4,71.0,74.0,5.4,52.0
1.1,8.3,78.0,92.0,0.6,61.0
6.7,4.2,88.0,66.0,1.6,64.0
4.7,4.9,95.0,61.0,5.1,63.0
5.7,5.2,96.0,37.0,1.1,56.0
7.6,5.2,78.0,93.0,2.5,73.0
6.3,6.9,78.0,41.0,2.7,50.0
5.5,6.1,91.0,37.0,1.5,53.0
5.6,4.2,69.0,50.0,4.3,51.0
3.0,5.9,93.0,39.0,5.1,45.0
0.3,6.6,77.0,62.0,5.2,49.0
4.4,4.5,60.0,66.0,2.0,53.0
2.1,8.2,58.0,54.0,3.2,52.0
4.1,4.3,93.0,38.0,1.5,51.0
8.5,8.6,58.0,42.0,1.5,62.0
2.3,4.5,68.0,58.0,1.0,48.0
0.6,8.2,70.0,39.0,5.6,39.0
2.8,8.5,63.0,77.0,5.3,61.0
2.9,8.9,69.0,47.0,4.7,42.0
6.6,8.0,88.0,53.0,3.1,58.0
5.6,7.9,56.0,59.0,2.9,56.0
7.8,7.2,92.0,60.0,3.2,69.0
6.6,7.9,94.0,35.0,3.2,62.0
4.1,4.7,72.0,42.0,2.6,49.0
8.1,6.7,62.0,87.0,0.8,72.0
1.7,6.6,82.0,35.0,0.8,48.0
0.2,8.3,60.0,65.0,5.7,48.0
0.9,6.3,71.0,64.0,2.9,48.0
7.2,5.9,98.0,55.0,5.7,66.0
4.6,7.2,100.0,61.0,1.0,65.0
1.6,5.3,90.0,82.0,3.3,55.0
5.0,4.7,69.0,85.0,1.2,66.0
1.5,6.4,86.0,51.0,1.5,50.0
7.0,6.1,87.0,54.0,0.2,65.0
4.5,5.2,72.0,50.0,0.7,58.0
3.8,5.8,84.0,64.0,5.5,47.0
3.0,5.8,55.0,76.0,1.9,49.0
6.3,5.6,64.0,49.0,3.6,51.0
3.6,5.9,79.0,55.0,2.8,52.0
0.9,7.4,62.0,91.0,2.4,55.0
1.2,5.5,62.0,38.0,3.2,33.0
9.6,8.7,93.0,63.0,1.1,75.0
9.1,8.6,100.0,78.0,5.9,76.0
7.0,6.4,80.0,44.0,4.9,65.0
2.7,5.6,93.0,38.0,4.4,52.0
9.7,6.7,100.0,43.0,2.8,69.0
7.8,8.2,61.0,90.0,0.9,74.0
7.2,7.3,75.0,36.0,5.5,52.0
4.5,8.0,73.0,46.0,2.0,49.0
2.7,6.7,59.0,37.0,0.3,44.0
1.0,7.2,89.0,42.0,2.1,43.0
9.0,5.4,75.0,72.0,4.8,69.0
4.6,7.7,76.0,49.0,3.7,49.0
2.0,5.0,62.0,69.0,4.5,45.0
3.1,7.5,63.0,70.0,4.8,54.0
5.8,8.3,96.0,86.0,1.3,76.0
1.8,4.7,57.0,35.0,5.5,36.0
8.6,7.1,65.0,86.0,2.6,70.0
7.6,4.5,68.0,72.0,3.8,67.0
7.2,7.6,77.0,45.0,0.0,61.0
4.3,4.4,81.0,81.0,6.0,61.0
6.3,8.7,77.0,86.0,1.7,73.0
5.8,4.7,59.0,50.0,0.4,50.0
6.5,8.8,66.0,90.0,2.7,71.0
0.8,8.0,93.0,62.0,0.8,56.0
4.2,7.0,84.0,71.0,0.9,65.0
0.4,7.9,84.0,94.0,3.8,58.0
4.9,8.0,85.0,57.0,2.4,66.0
3.3,8.7,89.0,84.0,5.5,67.0
1.4,5.3,58.0,54.0,1.9,42.0
1.0,7.0,71.0,83.0,4.4,56.0
5.9,4.5,79.0,71.0,2.8,68.0
1.7,7.1,70.0,48.0,4.0,51.0
9.3,4.9,93.0,60.0,3.6,66.0
5.8,6.8,77.0,54.0,2.8,56.0
3.5,6.9,90.0,40.0,5.7,54.0
5.9,6.3,93.0,37.0,2.1,54.0
0.2,6.6,78.0,56.0,1.1,42.0
9.6,7.8,96.0,36.0,4.1,66.0
4.8,8.0,81.0,45.0,5.1,55.0
7.8,6.5,93.0,79.0,0.2,76.0
0.8,7.0,70.0,77.0,2.7,50.0
4.9,8.7,77.0,79.0,5.4,62.0
4.9,4.6,79.0,54.0,4.5,51.0
9.4,4.6,60.0,88.0,6.0,68.0
5.7,4.4,73.0,71.0,3.2,67.0
4.7,7.3,96.0,43.0,4.0,57.0
2.7,6.1,83.0,44.0,1.8,52.0
3.3,7.9,63.0,77.0,5.7,54.0
5.2,7.4,70.0,45.0,2.2,54.0
4.4,5.7,64.0,65.0,4.4,51.0
0.2,8.5,56.0,95.0,2.4,47.0
8.3,7.8,97.0,35.0,3.4,60.0
9.0,5.4,75.0,36.0,4.3,53.0
1.4,5.8,69.0,95.0,3.1,50.0
5.5,5.6,82.0,70.0,5.4,57.0
1.1,4.8,55.0,43.0,2.5,42.0
6.7,4.7,68.0,89.0,3.9,67.0
2.8,8.7,87.0,88.0,2.1,70.0
6.6,6.2,84.0,67.0,2.4,67.0
7.3,5.9,99.0,72.0,2.6,74.0
7.7,7.6,83.0,51.0,0.8,64.0
1.1,6.8,76.0,38.0,0.6,45.0
9.2,8.7,89.0,71.0,4.0,79.0
2.3,7.9,96.0,53.0,3.9,52.0
0.4,6.4,87.0,75.0,4.0,53.0
5.5,5.9,98.0,85.0,0.1,74.0
3.7,8.9,90.0,36.0,2.0,52.0
8.3,7.6,94.0,71.0,1.2,72.0
8.1,8.8,60.0,49.0,4.7,58.0
3.2,4.6,88.0,87.0,5.2,60.0
9.5,8.3,75.0,50.0,1.5,71.0
2.9,7.2,80.0,72.0,4.0,54.0
5.2,4.6,84.0,68.0,0.8,62.0
2.6,6.9,99.0,59.0,1.7,59.0
9.4,7.4,99.0,76.0,0.8,83.0
1.6,4.1,68.0,79.0,1.7,57.0
0.4,6.3,88.0,69.0,4.0,54.0
4.4,8.1,89.0,81.0,5.5,62.0
9.9,5.5,71.0,94.0,1.2,86.0
8.9,6.3,61.0,60.0,3.3,63.0
7.5,6.2,57.0,66.0,4.2,65.0
8.9,5.5,90.0,36.0,5.7,60.0
8.9,8.6,77.0,83.0,3.7,76.0
5.2,7.9,99.0,66.0,1.5,62.0
3.2,4.6,76.0,59.0,3.8,50.0
7.7,9.0,99.0,41.0,1.9,62.0
6.6,8.4,74.0,88.0,5.9,73.0
3.7,5.4,91.0,59.0,2.4,61.0
0.9,8.2,59.0,76.0,4.1,48.0
7.5,4.5,80.0,44.0,0.1,61.0
2.6,9.0,91.0,93.0,2.4,66.0
9.4,7.3,97.0,46.0,5.3,66.0
2.4,7.3,92.0,47.0,3.7,53.0
1.2,4.5,57.0,87.0,2.7,51.0
8.3,8.5,72.0,90.0,5.6,81.0
1.5,4.1,57.0,48.0,5.1,36.0
1.8,5.2,60.0,63.0,1.9,50.0
6.0,4.7,85.0,79.0,3.3,66.0
8.7,7.9,87.0,88.0,2.9,82.0
2.0,5.0,90.0,58.0,3.8,48.0
3.1,8.6,94.0,66.0,2.0,61.0
7.8,7.3,88.0,80.0,1.5,75.0
9.7,4.2,91.0,79.0,5.5,71.0
5.0,4.0,57.0,82.0,5.5,58.0
1.4,4.3,66.0,69.0,5.1,47.0
0.1,7.0,83.0,41.0,5.9,41.0
2.3,8.0,94.0,89.0,4.5,69.0
1.3,5.2,55.0,87.0,4.6,55.0
6.8,8.2,78.0,83.0,4.6,70.0
1.2,4.3,85.0,41.0,2.9,43.0
5.1,8.0,56.0,47.0,2.7,51.0
6.9,8.6,73.0,80.0,1.4,72.0
5.8,7.9,95.0,36.0,3.9,55.0
2.0,7.5,85.0,94.0,1.7,70.0
8.0,8.2,66.0,58.0,1.5,68.0
7.2,4.2,93.0,78.0,3.5,68.0
7.4,5.0,71.0,88.0,2.5,74.0
1.3,4.6,93.0,59.0,1.3,43.0
1.2,6.5,68.0,54.0,4.9,37.0
9.3,7.7,82.0,72.0,5.2,76.0
4.0,7.2,73.0,70.0,1.0,61.0
